insert into Person values ('222222','asa123','12345','Aewe222','Asa', 'Bhid', 'asa@gmail.com','1996/12/10','21','3434232','Aundh' );
insert into Person values ('555555','ama123','12345','Wddi555','Ama', 'Seth', 'ama@gmail.com','1997/07/22','20','3849033','Shinvajinagr' );
insert into Person values ('999999','ajj123','12345','Rsds999','Ajj', 'Jhad', 'ajj@gmail.com','1997/12/01','19','5849755','Pimpri' );
insert into Person values ('111111','aks123','12345','Edhe111','Aks', 'Abhy', 'aksh@gmail.com','1997/05/09','20','2888383','Katraj' );
insert into Person values ('666666','push123','12345','Gerj666','Push', 'Gore', 'push@gmail.com','1997/06/17','20','5894444','Kothrud' );
insert into Person values ('888888','hamz123','12345','Bdfe888','Hamz', 'Moti', 'hamz@gmail.com','1997/04/01','20','1928233','KP' );
insert into Person values ('444444','apur123','12345','Pwew444','Apur', 'Sriv', 'apur@gmail.com','1997/02/15','20','3809384','Shivajinagar' );
insert into Person values ('777777','dash123','12345','Weee777','Dash', 'Ajma', 'dash@gmail.com','1996/07/15','21','3847398','Market Yard' );
insert into Person values ('333333','abhi123','12345','Tere333','Abhi', 'Jhad', 'abhi@gmail.com','1997/09/11','20','3129224','Pimpri' );
insert into Person values ('111222','chir123','12345','Sire121','Chir', 'Josh', 'chir@gmail.com','1997/11/23','20','4485433','Kothrud' );

insert into Employee values ('999999','Clerk','20000','12:00-15:00');
insert into Employee values ('666666','Watchman','10000','11:00-16:00');
insert into Employee values ('888888','Watchman','10000','10:00-13:00');

insert into Customer values ('444444','iamawe');
insert into Customer values ('111222','myname');
insert into Customer values ('111111','loser1');

insert into Mall_Owner values ('222222','100000','ananasa');
insert into Mall_Owner values ('555555','150000','sarama');

insert into Shop_Owner values ('777777','dash123','N101');
insert into Shop_Owner values ('333333','abhi382','F303');

insert into Shop values ('N101','Nike','Shoes','32000');
insert into Shop values ('F303','Walmart','Food','5000340');

insert into Item values ('NA783','350.00','5','N101');
insert into Item values ('NB393','275.55','9','N101');
insert into Item values ('NA287','799.99','3','N101');
insert into Item values ('NC398','550.00','4','N101');
insert into Item values ('FC393','13.25','20','F303');
insert into Item values ('FR844','55.80','60','F303');
insert into Item values ('FR903','66.45','35','F303');
insert into Item values ('FD938','15.99','43','F303');
insert into Item values ('FT384','20.00','89','F303');


